{
    "metrics": {
        "iou": {
            "background": 0.794188072644697,
            "cat": 0.07065870035129958,
            "dog": 0.35136093775876,
            "mean": 0.40540257025158555
        },
        "dice": {
            "background": 0.878274446650126,
            "cat": 0.10823392670467592,
            "dog": 0.4512353974470253,
            "mean": 0.4792479236006091
        },
        "pixel-accuracy": {
            "background": 0.9088877306905928,
            "cat": 0.07443379601390555,
            "dog": 0.4282313847210993,
            "mean": 0.47051763714186584
        }
    }
}