{
    "metrics": {
        "iou": {
            "background": 0.998911637847292,
            "cat": 0.12667022869025896,
            "dog": 0.5640746929052399,
            "mean": 0.563218853147597
        },
        "dice": {
            "background": 0.9994544656577701,
            "cat": 0.17251018495059375,
            "dog": 0.6089148680708601,
            "mean": 0.593626506226408
        },
        "pixel-accuracy": {
            "background": 0.9994289519482689,
            "cat": 0.12666901669626268,
            "dog": 0.5691692125894909,
            "mean": 0.5650890604113409
        }
    }
}