{
    "metrics": {},
    "contrast_inc": {
        "1.0": {
            "dice": {
                "0": 0.9273252418624479,
                "1": 0.23015401600126573,
                "2": 0.517260092821719
            }
        },
        "1.01": {
            "dice": {
                "0": 0.9272952421362856,
                "1": 0.22991157426735026,
                "2": 0.5173317297546838
            }
        },
        "1.02": {
            "dice": {
                "0": 0.9272494720190353,
                "1": 0.22978420846115655,
                "2": 0.5173581896012853
            }
        },
        "1.03": {
            "dice": {
                "0": 0.9271994068925321,
                "1": 0.2295202320577848,
                "2": 0.5173594836042605
            }
        },
        "1.04": {
            "dice": {
                "0": 0.9271336520938546,
                "1": 0.22932053975167907,
                "2": 0.517328574901362
            }
        },
        "1.05": {
            "dice": {
                "0": 0.9270624359490718,
                "1": 0.22892509993694884,
                "2": 0.5172550994000659
            }
        },
        "1.1": {
            "dice": {
                "0": 0.9264184192690142,
                "1": 0.22785084155710775,
                "2": 0.5161105717937156
            }
        },
        "1.15": {
            "dice": {
                "0": 0.9253743279081721,
                "1": 0.22612167167753844,
                "2": 0.5142801084225771
            }
        },
        "1.2": {
            "dice": {
                "0": 0.9240598075690937,
                "1": 0.2242329859130467,
                "2": 0.5117478032551015
            }
        },
        "1.25": {
            "dice": {
                "0": 0.9226245267224984,
                "1": 0.2216824577671809,
                "2": 0.5080513198211084
            }
        }
    },
    "contrast_dec": {
        "1.0": {
            "dice": {
                "0": 0.9273252418624479,
                "1": 0.23015401600126573,
                "2": 0.517260092821719
            }
        },
        "0.95": {
            "dice": {
                "0": 0.9273189714674516,
                "1": 0.2307089189110632,
                "2": 0.5163929672905057
            }
        },
        "0.9": {
            "dice": {
                "0": 0.9271559351994594,
                "1": 0.23097168080089814,
                "2": 0.5148538027324157
            }
        },
        "0.85": {
            "dice": {
                "0": 0.9269239170695269,
                "1": 0.2308672778353647,
                "2": 0.5127437500481434
            }
        },
        "0.8": {
            "dice": {
                "0": 0.9264801433333357,
                "1": 0.23074905078300223,
                "2": 0.5100500946859169
            }
        },
        "0.6": {
            "dice": {
                "0": 0.9213130492590037,
                "1": 0.22435922903532757,
                "2": 0.49019093128135544
            }
        },
        "0.4": {
            "dice": {
                "0": 0.9087865197656907,
                "1": 0.2040123879427932,
                "2": 0.4477373863333208
            }
        },
        "0.3": {
            "dice": {
                "0": 0.8957051131627062,
                "1": 0.18053485133200978,
                "2": 0.4069579780946828
            }
        },
        "0.2": {
            "dice": {
                "0": 0.8697677749342012,
                "1": 0.13104683097972447,
                "2": 0.3253618310929982
            }
        },
        "0.1": {
            "dice": {
                "0": 0.8297919965985185,
                "1": 0.04767472304037275,
                "2": 0.17180109863293136
            }
        }
    },
    "occlusion": {
        "0": {
            "dice": {
                "0": 0.9273252456600577,
                "1": 0.2301542600582005,
                "2": 0.5172598796454105
            }
        },
        "5": {
            "dice": {
                "0": 0.9273252456600577,
                "1": 0.2301542600582005,
                "2": 0.5172598796454105
            }
        },
        "10": {
            "dice": {
                "0": 0.9273252456600577,
                "1": 0.2301542600582005,
                "2": 0.5172598796454105
            }
        },
        "15": {
            "dice": {
                "0": 0.9273252456600577,
                "1": 0.2301542600582005,
                "2": 0.5172598796454105
            }
        },
        "20": {
            "dice": {
                "0": 0.9273252456600577,
                "1": 0.2301542600582005,
                "2": 0.5172598796454105
            }
        },
        "25": {
            "dice": {
                "0": 0.9273252456600577,
                "1": 0.2301542600582005,
                "2": 0.5172598796454105
            }
        },
        "30": {
            "dice": {
                "0": 0.9273252456600577,
                "1": 0.2301542600582005,
                "2": 0.5172598796454105
            }
        },
        "35": {
            "dice": {
                "0": 0.9273252456600577,
                "1": 0.2301542600582005,
                "2": 0.5172598796454105
            }
        },
        "40": {
            "dice": {
                "0": 0.9273252456600577,
                "1": 0.2301542600582005,
                "2": 0.5172598796454105
            }
        },
        "45": {
            "dice": {
                "0": 0.9273252456600577,
                "1": 0.2301542600582005,
                "2": 0.5172598796454105
            }
        }
    },
    "gaussian_noise": {
        "0": {
            "dice": {
                "0": 0.9273252456600577,
                "1": 0.2301542600582005,
                "2": 0.5172598796454105
            }
        },
        "2": {
            "dice": {
                "0": 0.9273007263700835,
                "1": 0.23001665365680135,
                "2": 0.5174000199594009
            }
        },
        "4": {
            "dice": {
                "0": 0.927075654168881,
                "1": 0.2301233937691228,
                "2": 0.5174930976785774
            }
        },
        "6": {
            "dice": {
                "0": 0.9265995000210702,
                "1": 0.2292561086633819,
                "2": 0.5175642167012976
            }
        },
        "8": {
            "dice": {
                "0": 0.9259598809962353,
                "1": 0.22887198680467052,
                "2": 0.5172044620647831
            }
        },
        "10": {
            "dice": {
                "0": 0.9250811519929353,
                "1": 0.22696073612030865,
                "2": 0.5168622368525806
            }
        },
        "12": {
            "dice": {
                "0": 0.9237911685941863,
                "1": 0.22479893018826705,
                "2": 0.5146445686329465
            }
        },
        "14": {
            "dice": {
                "0": 0.9220403533800378,
                "1": 0.2216127089629838,
                "2": 0.5125388528331752
            }
        },
        "16": {
            "dice": {
                "0": 0.9198703902933604,
                "1": 0.21895770127394512,
                "2": 0.5088032886417352
            }
        },
        "18": {
            "dice": {
                "0": 0.9167339875442098,
                "1": 0.2138241567681845,
                "2": 0.5030651435336483
            }
        }
    },
    "sandp": {
        "0.0": {
            "dice": {
                "0": 0.8553279838155934,
                "1": 0.1578083385357688,
                "2": 0.35014237756299693
            }
        },
        "0.02": {
            "dice": {
                "0": 0.8577650831371622,
                "1": 0.15776740780731296,
                "2": 0.34614789897618115
            }
        },