{
    "metrics": {
        "iou": {
            "background": 0.824852419982982,
            "cat": 0.0479854095364823,
            "dog": 0.4034755468229529,
            "mean": 0.42543779211413907
        },
        "dice": {
            "background": 0.8980037284144294,
            "cat": 0.07590144506455886,
            "dog": 0.49489746610777824,
            "mean": 0.48960087986225553
        },
        "pixel-accuracy": {
            "background": 0.9395822908109838,
            "cat": 0.04904251356380366,
            "dog": 0.48153215631499663,
            "mean": 0.490052320229928
        }
    }
}