{
    "metrics": {
        "iou": {
            "background": 0.8709761068163399,
            "cat": 0.18473177560460416,
            "dog": 0.4316163586529011,
            "mean": 0.49577474702461505
        },
        "dice": {
            "background": 0.9273253851420054,
            "cat": 0.23015397827651926,
            "dog": 0.5172595568328172,
            "mean": 0.5582463067504473
        },
        "pixel-accuracy": {
            "background": 0.9413186246358186,
            "cat": 0.20117702842087984,
            "dog": 0.47662514612960377,
            "mean": 0.5397069330621007
        }
    }
}