{
    "metrics": {
        "iou": {
            "background": 0.7397693537891961,
            "cat": 0.004841894933791671,
            "dog": 0.23877792733057943,
            "mean": 0.32779639201785576
        },
        "dice": {
            "background": 0.8407276673692862,
            "cat": 0.00915562550550952,
            "dog": 0.3391557014583255,
            "mean": 0.39634633144437376
        },
        "pixel-accuracy": {
            "background": 0.9368441989602112,
            "cat": 0.004883638492236114,
            "dog": 0.284862172026142,
            "mean": 0.4088633364928631
        }
    }
}