{
    "metrics": {
        "iou": {
            "background": 0.8256449402277418,
            "cat": 0.06691859873004148,
            "dog": 0.38744035800022486,
            "mean": 0.42666796565266935
        },
        "dice": {
            "background": 0.8986679122527799,
            "cat": 0.10133854985686346,
            "dog": 0.48181420156819216,
            "mean": 0.49394022122594516
        },
        "pixel-accuracy": {
            "background": 0.9367311674596748,
            "cat": 0.06932580721081551,
            "dog": 0.4603765445633052,
            "mean": 0.48881117307793187
        }
    }
}